votes_per_gal,swap_sample_acc,gz2_sample_acc
9,0.9492406658266463,0.9003843483855675
15,0.9663505537502487,0.9212712280523526
20,0.9726728120786082,0.928738084353465
25,0.9799721466940778,0.9400348791926991
30,0.9836151822623074,0.9448163762889217
35,0.9891637376483852,0.9529808164440156
